cores,runtime
32,""
""
3.1718863658607006
32,""
""
4.412959303706884
32,""
""
3.318373017013073
36,""
""
4.692657459527254
36,""
""
4.019178826361895
36,